web_title,country
Powerful earthquake hits China-Kyrgyzstan border,China
Authors ‘excluded from Hugo awards over China concerns’,China
China offers to deepen security ties with Hungary,China
China announces 0.5% cut in banks’ minimum reserves,China
Philippines military accuses China of bullying and vows to continue South China Sea missions,China
Manila accuses Beijing of ‘dangerous manoeuvres’ in South China Sea,China
Canada reaches settlement with Michael Spavor over detention in China,China
"Scientist fed classified information to China, says Canada intelligence report",China
"China influencing leading British universities, documentary claims",China
"McDonald’s hit by ‘technology outage’ in UK, Australia, Japan and China",China
Joe Root’s calm century leads England’s fightback against India,India
 The Spin | Goswami still rankled by row that overshadowed India playing farewell,India
Blaming Bazball for England’s losses ignores excellence of India | Ali Martin,India
"India v England: fifth Test, day three – as it happened",India
"India v England: fifth Test, day two – as it happened",India
"India v England: fifth Test, day one – as it happened",India
India confronts Google over Gemini AI tool’s ‘fascist Modi’ responses,India
"India v England: fourth Test, day two – as it happened",India
"India v England: fourth Test, day one – as it happened",India
‘Work to do’: McCullum targets refined England after humbling in India,India
Russia-Ukraine war live: Medvedev denies Russia targeted Zelenskiy’s motorcade in Odesa strike,Russia
Russia-Ukraine war: Russia ‘jammed signal on UK defence minister’s plane’ – as it happened,Russia
Russia-Ukraine war live: Russia and Ukraine exchange prisoners of war – as it happened,Russia
Russia-based LockBit ransomware hackers attempt comeback ,Russia
"Russia-Ukraine war: conflict could spin out of control due to Nato actions, claims Russia – as it happened",Russia
Russia-Ukraine war: US to announce new sanctions on Russia related to Navalny’s death – as it happened,Russia
Russia-Ukraine war: Germany says Kremlin’s claim it is planning war with Russia is ‘absurd’ – as it happened,Russia
Biden announces hundreds of new sanctions targeting Russia,Russia
"Russia-Ukraine war: Russia ramping up attacks in Donetsk, says Ukraine –  as it happened",Russia
Russia-Ukraine war: more Ukrainian children to be returned from Russia – as it happened,Russia
